{
  "experiment": "process-tracing",
  "timestamp": "2026-05-24T19-12-27Z",
  "trials": 3,
  "conditions": {
    "no-skill": {
      "avg_tokens": 6281.333333333333,
      "avg_duration_ms": 57731.444444444445,
      "avg_llm_calls": 7.888888888888889
    },
    "verification-protocol": {
      "avg_tokens": 5794.111111111111,
      "avg_duration_ms": 60026.666666666664,
      "avg_llm_calls": 7.111111111111111
    },
    "troubleshooting-protocol": {
      "avg_tokens": 5820.0,
      "avg_duration_ms": 49881.22222222222,
      "avg_llm_calls": 7.0
    }
  }
}